review,sentiment,tokenized_review,lemmatized_review,review_vector,predicted_sentiment,reason
atmosphere modern hip maintaining touch coziness,positive,"['atmosphere', 'modern', 'hip', 'maintaining', 'touch', 'coziness']",atmosphere modern hip maintaining touch coziness,"[-0.15531768  0.04480701  0.5538464   0.28960684 -0.07464817  0.35631236
 -0.0857595  -0.3437505  -0.17074965  0.5935562  -0.38680705 -0.36699045
  0.4047     -0.2025295   0.08066235 -0.164685   -0.11524016 -0.25089034
  0.18210499 -0.0785675   0.10031384 -0.001733   -0.05172148 -0.62012166
  0.0989305   0.04305301 -0.0105035  -0.36578667  0.012905   -0.15036833
 -0.13059781  0.19626082 -0.15982984  0.10234717  0.22797     0.03110916
  0.18224515  0.11982834 -0.20730881 -0.23628466 -0.10041081 -0.36810836
 -0.05066517  0.057388   -0.22966318 -0.07169867  0.09485333  0.1971165
  0.29304335 -0.50747585  0.11631998 -0.0148835  -0.11987767  0.3899
  0.09859034 -1.639741    0.26756316 -0.12585999  0.7523351   0.26732215
 -0.01514001  0.5003817  -0.20184486  0.12680383  0.25907454  0.12055999
  0.29350832 -0.264       0.13359666 -0.5405035   0.22170682  0.03440499
  0.20639832  0.09901669  0.14799066 -0.066489    0.19277017 -0.17252801
 -0.080205    0.00279065  0.18163918  0.11467866  0.0424535   0.501885
 -0.79074067  0.49976233 -0.20687984  0.09880033 -0.32798368 -0.234029
  0.19182281  0.06406566 -0.0925225  -0.06957817  0.00877501 -0.16651084
 -0.36322618 -0.56147337  0.411755    0.3656379 ]",negative,Misclassified positive review: Model failed to detect positive sentiment.
found place accident could not happier,positive,"['found', 'place', 'accident', 'could', 'not', 'happier']",found place accident could not happier,"[ 7.99670815e-04  1.71163321e-01  4.06145006e-01 -2.71743536e-01
 -3.51347476e-01 -3.12709920e-02  1.13382578e-01  3.56232643e-01
  1.90276995e-01  2.89549977e-02  8.44294801e-02  5.70995033e-01
  4.69246656e-01 -5.55277169e-02  7.22166672e-02 -2.58111686e-01
  2.41724506e-01  5.04333377e-02 -5.23926675e-01  3.74464184e-01
  3.87551665e-01  5.81213348e-02  2.71904975e-01  5.65654822e-02
 -6.58188537e-02 -1.27827346e-01 -1.53669506e-01 -3.02704990e-01
  1.08553343e-01 -9.57833696e-03 -1.23230042e-02  2.35874832e-01
 -1.04163341e-01  4.03781645e-02  2.07589820e-01  2.09294990e-01
 -1.64769828e-01  3.10742170e-01 -1.15894973e-02 -1.38881341e-01
 -4.28944826e-01 -1.69543341e-01  1.36823341e-01 -4.73312140e-01
 -1.56738535e-01  1.47155508e-01  5.21315038e-01 -2.24673674e-01
 -8.23766664e-02 -9.22451675e-01  2.59373337e-01 -2.99343675e-01
 -3.83358300e-02  9.82260048e-01 -1.60317495e-01 -2.03023982e+00
 -2.98366636e-01 -1.00180835e-01  1.30662668e+00  6.25918329e-01
 -3.53440017e-01  9.64631617e-01 -2.21558332e-01  1.47095665e-01
  8.04531515e-01  4.24776636e-02  3.37138325e-01  1.69068500e-01
 -2.40883335e-01 -4.46048021e-01 -2.28791654e-01 -5.12849987e-01
  2.80298829e-01 -1.44077346e-01  2.93786168e-01  2.17008349e-02
  1.40941843e-01 -2.68863350e-01 -6.92714989e-01  2.58636624e-02
  2.09626675e-01  8.02515000e-02 -4.30248350e-01  1.26008347e-01
 -1.23412168e+00 -3.34458500e-01  2.27791354e-01 -2.01307442e-02
 -4.42669988e-01 -3.01928312e-01 -3.94876637e-02 -3.35258335e-01
  1.10256672e-01  3.11000049e-02 -3.83776665e-01  2.33805999e-01
 -1.21918172e-01 -2.63643354e-01  2.08333850e-01 -9.96933356e-02]",negative,Misclassified positive review: Model failed to detect positive sentiment.
say bye bye tip lady,negative,"['say', 'bye', 'bye', 'tip', 'lady']",say bye bye tip lady,"[-0.1383      0.25794002  0.516464   -0.5448592  -0.03806419  0.15660802
  0.393366    0.11489601 -0.1067824  -0.4505406  -0.0772486   0.3344527
  0.121972    0.742494   -0.14014159  0.10064201  0.027017   -0.09336479
 -0.1743078   0.29100603  0.029032    0.28592795 -0.441646    0.2585836
  0.1389478   0.475416   -0.15547201 -0.368044    0.12058802 -0.489096
  0.02875001  0.0531652   0.9508618   0.1244482   0.26891598  0.1260632
 -0.26358852  0.2387856   0.25348398 -0.23717399 -0.299078   -0.23824361
 -0.06566101 -0.21082199 -0.02855599 -0.1929688  -0.17234401 -0.085214
  0.15367799 -0.21784961 -0.50771     0.5482648   0.2754688   0.36296803
 -0.42477202 -1.4097      0.03936141 -0.04594799  0.5747252  -0.015456
 -0.46374598  0.501768   -0.34398276 -0.085838    0.31097603  0.0152004
 -0.13855973  0.34929198 -0.222774   -0.1366812   0.0600256  -0.20650358
 -0.011088   -0.40158638 -0.17375317  0.400326   -0.2272474  -0.1588336
 -0.38031095 -0.0663132   0.52229744 -0.16488998 -0.40913    -0.23948868
 -1.185302   -0.547474    0.2596652  -0.254286   -0.24591795  0.05166581
  0.0373526   0.18340398  0.113934    0.305314   -0.32016602 -0.2578172
 -0.322548    0.21303861 -0.032286    0.15784399]",positive,Misclassified negative review: Model failed to detect negative sentiment.
service quick even go orders like like,positive,"['service', 'quick', 'even', 'go', 'orders', 'like', 'like']",service quick even go order like like,"[-0.12260915  0.32396     0.28625217 -0.41065544 -0.05135771  0.01365714
 -0.35944745  0.03139158 -0.1255263  -0.18233171  0.05444315 -0.16515143
  0.17829786  0.30344     0.14560671 -0.26323718  0.12346715  0.28480858
 -0.3987704   0.5547928   0.31170002  0.14728001  0.07924757 -0.09704828
  0.241503    0.17128529 -0.38494512 -0.39232853  0.07518215 -0.28474626
  0.02805857  0.28183427 -0.10637856 -0.22669414  0.24433099  0.54183143
 -0.08307445 -0.07332472  0.10688395 -0.24437858 -0.11600985 -0.17237829
 -0.02607086 -0.44645903 -0.1595043  -0.04986686  0.05903658 -0.247966
  0.19213343 -0.8516957   0.2646267   0.16642429  0.01245672  0.9187085
 -0.06854186 -2.0937715   0.0150822   0.19354299  1.8401998   0.41492003
 -0.238842    0.6314686  -0.09146743  0.02540828  0.5855621   0.039467
  0.3529057   0.23127402  0.215      -0.05439571 -0.20353244 -0.36696574
 -0.19182314 -0.56743145  0.12540743  0.19846652 -0.1148643   0.03385957
 -0.4598123  -0.2946513   0.85483855 -0.23351987 -0.54748863  0.13896272
 -1.5986     -0.327884    0.17983797 -0.22138722 -0.24265029 -0.48547968
  0.1722183  -0.22366713 -0.02256629 -0.122694   -0.61519283 -0.27144843
 -0.03711714 -0.07368543  0.38919082  0.33636355]",negative,Misclassified positive review: Model failed to detect positive sentiment.
buffet small food offered bland,negative,"['buffet', 'small', 'food', 'offered', 'bland']",buffet small food offered bland,"[-0.503818    0.497049   -0.03109599 -0.03744101  0.01632556  0.19472201
  0.22979419  0.324332    0.019554   -0.24278998 -0.18708639 -0.0177084
  0.014719    0.23625942  0.28114778 -0.03076094 -0.013802   -0.3315646
 -0.23678598  0.2200526   0.1301378   0.278944    0.24786219 -0.62600404
 -0.04287281  0.22275798 -0.40595803 -0.071334   -0.59942997 -0.0064796
  0.1495582   0.31072178 -0.09488481 -0.28385037  0.29338998  0.917287
  0.26459616  0.23269859 -0.14927486 -0.3337598   0.070273   -0.39608002
 -0.0981462  -0.24989998  0.317356    0.2504848  -0.42055804 -0.09317801
  0.1712974  -0.413616    0.02417601 -0.2699538   0.15092601  0.196104
 -0.1095752  -1.53026    -0.05415381 -0.013678    1.2679814  -0.08102141
  0.0839138   0.2395926   0.06841962 -0.097176    0.37487    -0.5149366
  0.2329952  -0.00379801  0.315064   -0.3491748  -0.4396902  -0.2040718
  0.03961179 -0.06533681  0.016666    0.473586   -0.3769522  -0.0040012
 -0.32806602  0.16784199  0.35978198 -0.0391902  -0.22961763 -0.03495567
 -0.7196     -0.2433738   0.1425     -0.20861402 -0.26564842 -0.363046
  0.3106926  -0.1702486   0.1390952  -0.17049801 -0.853358   -0.16880023
 -0.226608   -0.32252678  0.794304    0.38287598]",positive,Misclassified negative review: Model failed to detect negative sentiment.
beans rice mediocre best,negative,"['beans', 'rice', 'mediocre', 'best']",bean rice mediocre best,"[-0.33614674  0.4571125   0.38761026 -0.18650076 -0.18864176 -0.22219749
  0.7103675  -0.05562501 -0.26003498  0.12339976 -0.18462498 -0.44700748
  0.12052675  0.426395   -0.19854149  0.148382   -0.02416749 -0.0445912
  0.261495    0.54656327 -0.1663675   0.17027001  0.32272065 -0.22872075
  0.17726777  0.33078748 -0.17630848 -0.293705   -0.21104498 -0.13512
 -0.4250425   0.26605824  0.30435252 -0.1704025   0.10586935  0.829465
 -0.15260425  0.46606004 -0.25045002 -0.12604575 -0.09629999 -0.40478507
 -0.076477   -0.30599198  0.58298    -0.2699975  -0.43472502 -0.5762475
 -0.15818949 -0.87562996 -0.1592575  -0.205215    0.138544    0.51881003
 -0.333435   -1.22587    -0.28109348  0.36296374  0.5304135  -0.11103025
 -0.23156175  0.5060377  -0.25917625 -0.14357173  0.55778754 -0.5180725
  0.46309513  0.10874674  0.2602875  -0.187682   -0.14253     0.42331
  0.0186045   0.30188224 -0.0038025   0.50844246 -0.67426753  0.2504525
  0.13257176  0.3034      0.626985    0.21165499 -1.111475   -0.00461875
 -0.7725657  -0.09335275  0.041405    0.06590751 -0.326484   -0.121365
 -0.2212165   0.20213099 -0.2935825  -0.259985   -0.94201493 -0.16082501
 -0.3719375  -0.05376525  0.32110125  0.7247325 ]",positive,Misclassified negative review: Model failed to detect negative sentiment.
2 thumbs,positive,"['2', 'thumbs']",2 thumb,"[ 0.1233      0.46846002  0.26022    -0.40784502 -0.049431    0.30554003
  0.26147002  0.283535   -0.1157175  -0.48965502  0.30553502 -0.22622499
 -0.05237001  0.36174     0.38834     0.38892052  0.056795    0.164301
  0.25366503  0.31836003  0.346031    0.18503001 -0.31568003  0.672915
  0.80412495  0.437475    0.15503001  0.625935    0.28275502 -0.3511395
  0.46822     0.48384     0.01855001  0.30488    -0.11224     0.22658
  0.14593899  0.266005   -0.041483    0.11024     0.3400435  -0.87400496
  0.22704    -0.404975   -0.249735   -0.48927498 -0.5819     -0.03104
 -0.086      -0.29395503 -0.296635   -0.352965   -0.15337875  0.95410496
 -0.694625   -1.535045   -0.006705    0.02526501  1.1168749  -0.10899502
  0.05690002  0.44054    -0.67527497  0.1395745   0.256355    0.23276499
 -0.41975     0.585675   -0.04272501  0.2532551  -0.508555    0.287545
  0.1831485  -0.279715    0.02695     0.1585855  -0.2048695   0.084883
  0.068545   -0.63161     0.558345   -0.36246002 -0.692865    0.05605499
 -0.55307    -0.15616849  0.23175499  0.28939     0.013445    0.19988
 -0.38141     0.3255065  -0.22639501  0.272015   -0.611645   -0.06107
 -0.1512165  -0.0469305   0.07429001  0.025565  ]",negative,Misclassified positive review: Model failed to detect positive sentiment.
hilarious yummy christmas eve dinner remember biggest fail entire trip us,negative,"['hilarious', 'yummy', 'christmas', 'eve', 'dinner', 'remember', 'biggest', 'fail', 'entire', 'trip', 'us']",hilarious yummy christmas eve dinner remember biggest fail entire trip u,"[-1.02463916e-01  2.46080011e-01  3.83703738e-01 -1.44515604e-01
 -1.24083549e-01  1.27540916e-01  2.75017265e-02  3.73795390e-01
  5.66017292e-02 -2.08469912e-01 -2.92017777e-03 -4.46988717e-02
  6.44697249e-02  2.63876796e-01 -5.47068119e-02  1.30038008e-01
 -3.58518213e-02  3.67872715e-02 -1.68498456e-01  3.20039392e-01
  3.02798152e-01 -8.98554083e-03  3.09605524e-02 -2.89145261e-01
  1.41631782e-01  1.95354685e-01 -3.77682894e-01  4.00769003e-02
  3.68265629e-01 -4.30700958e-01 -1.62831008e-01  2.10080370e-01
  2.40987256e-01 -1.61706626e-01 -4.51753624e-02  3.36562276e-01
 -6.50417283e-02  2.08967328e-02  6.63891882e-02 -3.57810736e-01
 -3.61423716e-02  5.42563200e-03  2.32395902e-01  8.31125453e-02
 -6.50330856e-02  1.43601755e-02 -8.28388259e-02 -2.19826892e-01
 -1.84091652e-04 -6.70851827e-01  1.53821453e-01 -6.28604516e-02
  3.72158021e-01  3.70036900e-01 -3.32063198e-01 -1.72689819e+00
  3.29635516e-02  2.66188622e-01  1.03279185e+00  1.16891190e-01
 -3.06174546e-01  7.89229810e-01 -6.69736415e-02 -5.21695495e-01
  1.80054531e-01  1.79550964e-02  8.74088928e-02  9.27893668e-02
  1.38560301e-02 -3.04658592e-01 -4.77620102e-02 -2.80347317e-01
 -3.57803911e-01  3.05058192e-02 -1.29543826e-01  3.58439416e-01
 -1.30020708e-01 -1.20290376e-01 -5.58840811e-01  1.51606455e-01
  1.60060629e-01  1.59574091e-01 -2.24359334e-04  7.53969476e-02
 -9.70337272e-01 -1.88455626e-01 -6.84204623e-02 -9.58361430e-04
 -1.86569780e-01 -1.52611002e-01  9.28264409e-02  2.31272444e-01
  1.31817445e-01 -1.69443354e-01 -6.14772737e-01 -1.62800267e-01
  1.32657275e-01  6.23135418e-02  2.77952164e-01  2.38736391e-01]",positive,Misclassified negative review: Model failed to detect negative sentiment.
back many times soon,positive,"['back', 'many', 'times', 'soon']",back many time soon,"[-1.13648996e-01  2.34947518e-01  2.50149995e-01 -4.20367748e-01
 -7.46604949e-02  2.37725005e-01 -2.00729728e-01  1.38610005e-01
  8.09160024e-02 -3.40257496e-01  2.74915248e-01  7.88250044e-02
  1.86958760e-01  9.02889967e-02  2.97879949e-02 -4.46192503e-01
 -5.51940091e-02  1.13925003e-02 -5.06049991e-01 -7.82100037e-02
  5.19997478e-01  8.51759762e-02 -3.83347459e-02  2.04270750e-01
  3.74711901e-01 -3.40012252e-01 -2.01444626e-01 -6.49742484e-01
  4.08854991e-01  2.75845006e-02  3.89150083e-02  4.13037509e-01
 -3.21620017e-01 -6.86697513e-02 -8.21049958e-02  3.23512763e-01
 -2.89124012e-01 -1.19000077e-02 -3.17877501e-01 -2.28804007e-01
 -7.89477527e-01 -3.18374991e-01 -9.44942459e-02 -2.72691518e-01
  8.15749913e-03 -7.81324953e-02  1.87169984e-01 -3.32446754e-01
  4.29138720e-01 -5.81057549e-01  5.75186498e-02 -7.00574964e-02
  2.51491219e-01  1.07981753e+00  4.77412492e-02 -2.46562481e+00
 -2.67654002e-01 -1.22076489e-01  1.66992497e+00  5.77612460e-01
 -1.86182499e-01  1.16155756e+00 -1.99190006e-01  1.10618502e-01
  5.95499992e-01 -6.47075027e-02  5.01542449e-01  1.51562497e-01
  2.17420012e-01 -1.80499814e-03 -1.38985008e-01  1.52327120e-02
 -2.22438008e-01 -4.84445214e-01  1.39376998e-01 -6.96624964e-02
 -2.74509996e-01 -3.41874734e-03 -7.58727431e-01 -1.40722498e-01
  6.59387529e-01 -1.75574981e-02 -4.00762498e-01  4.02534232e-02
 -1.29875493e+00 -2.02118009e-01 -1.93740055e-02 -3.51575255e-01
 -5.81494987e-01 -1.73995003e-01 -7.45569989e-02 -7.51184970e-02
 -1.31892487e-01  8.90782475e-02 -9.98397470e-01  5.27874976e-02
 -3.10530752e-01  1.39771745e-01  3.40664625e-01  1.89528495e-01]",negative,Misclassified positive review: Model failed to detect positive sentiment.
not disappointed,positive,"['not', 'disappointed']",not disappointed,"[-0.09931064  0.16045     0.50567997 -0.38712    -0.85145503 -0.00317501
 -0.24696499  0.24941     0.296925   -0.243285    0.13016699  0.27252
  0.528535   -0.6641016  -0.40793052 -0.2586855  -0.43985498  0.253865
 -0.34677646  0.55609     0.362455    0.015845    0.187057   -0.038539
 -0.11239     0.0382014  -0.00912499 -0.4825965   0.43627     0.01371
  0.13426599  0.60329497 -0.1981955   0.13188     0.299285    0.36986
 -0.013355    0.46950498 -0.17588001 -0.28882    -0.685555   -0.06278501
  0.34706497 -0.409325   -0.1424     -0.314235    0.76592004 -0.08673498
  0.01263999 -1.28845     0.44006002 -0.37252     0.317265    0.63791555
 -0.42999    -1.9807999  -0.0025035   0.04105     1.199885    0.357943
 -0.33489     0.20240499 -0.595345    0.0542705   0.704504   -0.27206
  0.59248     1.0192     -0.23194    -0.527       0.13692501 -0.48462102
 -0.1247025  -0.52627504  0.048268    0.16543     0.05202     0.1379315
 -0.79262    -0.156661    0.2482165  -0.32782    -0.676775    0.0477865
 -1.8385501  -0.695575   -0.08941999  0.02310476 -0.614215   -0.57414496
 -0.200613   -0.402075   -0.23742    -0.011765   -0.448735    0.30078402
 -0.215855    0.01001999 -0.1708935   0.32152498]",negative,Misclassified positive review: Model failed to detect positive sentiment.
pizza tasted old super chewy not good way,negative,"['pizza', 'tasted', 'old', 'super', 'chewy', 'not', 'good', 'way']",pizza tasted old super chewy not good way,"[-7.18197450e-02  1.93898529e-01  4.09492463e-01 -3.98075938e-01
 -3.25360656e-01  1.38193741e-01  2.59858638e-01 -1.20755993e-01
 -2.30549365e-01  8.65562558e-02  6.12748861e-02 -1.14078633e-01
  4.36393738e-01  1.02073215e-01  1.75661623e-01  3.34222429e-02
  1.66262120e-01 -1.28830075e-02 -3.38772506e-01  5.18470049e-01
  2.43170992e-01  4.10567462e-01  2.81087440e-02 -3.74590129e-01
  1.52794242e-01  3.31324488e-01 -2.36087501e-01 -5.30888438e-01
 -2.02577382e-01 -1.13018394e-01  2.34991312e-04  4.07150000e-01
  3.94612551e-02 -2.42346242e-01  2.92882502e-01  3.72646004e-01
 -1.86809510e-01  3.20763350e-01 -5.54911233e-03 -4.50580657e-01
  1.73011526e-01 -3.67148757e-01  1.75457865e-01 -5.78451216e-01
 -4.85833883e-02  1.67887509e-01  2.13103265e-01 -1.36323631e-01
  1.62137717e-01 -5.10836005e-01 -1.48745760e-01 -1.25703752e-01
  1.86762482e-01  7.19967365e-01 -2.10647002e-01 -1.74232328e+00
  2.82087736e-02  5.42548716e-01  8.94377470e-01  1.64095894e-01
 -1.72767371e-01  5.35124958e-01 -2.74770766e-01  2.76387576e-03
  4.25712854e-01 -1.38231248e-01  3.66420001e-01  2.78630376e-01
 -3.66152465e-01 -4.85441208e-01  9.43192467e-02 -2.14239135e-01
  2.99645275e-01  3.94985080e-04  7.56112114e-03  2.09830016e-01
 -3.06621373e-01 -2.38906756e-01 -3.76073748e-01  5.40396273e-02
  3.72356772e-01 -1.52264982e-01 -4.09392476e-01  3.98401737e-01
 -1.03653550e+00 -3.59886140e-01  1.22073747e-01 -2.26108164e-01
 -3.12895387e-01 -3.03975999e-01  6.50651306e-02  9.22412276e-02
 -1.67196140e-01 -7.85462093e-03 -5.19672453e-01 -3.95641506e-01
 -1.97305128e-01 -1.22614801e-01  2.97927380e-01  4.72786278e-01]",positive,Misclassified negative review: Model failed to detect negative sentiment.
not really impressed strip steak,negative,"['not', 'really', 'impressed', 'strip', 'steak']",not really impressed strip steak,"[-0.4447998  -0.0630322   0.04765578 -0.2328358  -0.43483394  0.16097996
  0.14330181  0.32205278  0.19901219 -0.112236   -0.00393121 -0.05261369
  0.2918364  -0.12366407 -0.1597362   0.06575797 -0.12840581 -0.00260659
 -0.38928598  0.429312    0.559838    0.1891638  -0.19934979 -0.707214
  0.511392    0.40467757 -0.15731099 -0.77076054 -0.115986   -0.327331
  0.01529599  0.51331     0.03160734  0.08698124  0.2641      0.1913198
 -0.1108124   0.18337001 -0.108936   -0.274452    0.02961341 -0.24196401
  0.21041982 -0.309038   -0.13228822 -0.08283439  0.172376   -0.0221166
  0.27748197 -0.78563994 -0.07021219 -0.03715801  0.2344234   0.775854
 -0.4011918  -1.692058   -0.05105114 -0.0877184   0.7301156   0.469652
 -0.0295846   0.77727807 -0.15985799  0.034089    0.89439803 -0.11685
  0.504874    0.40793037 -0.24150309 -0.21257     0.1652138  -0.431245
 -0.0607464  -0.07153881  0.0319974   0.145274   -0.20744601  0.16458222
 -0.27229723  0.09285761  0.29868078 -0.21669719 -0.48006064  0.003646
 -1.0233781  -0.262412    0.0365444   0.03405171 -0.2842968  -0.38478398
 -0.0601998  -0.203688   -0.0144814  -0.08805239 -0.49667     0.1249036
 -0.03949599 -0.13049242  0.4360806   0.607772  ]",positive,Misclassified negative review: Model failed to detect negative sentiment.
really like crepe station,positive,"['really', 'like', 'crepe', 'station']",really like crepe station,"[-0.44495675  0.09884751  0.1066025  -0.31072003 -0.05041599  0.05579825
  0.0892425   0.21882501 -0.0029125   0.18552     0.24433625 -0.0087371
  0.160171    0.32101572  0.0687575  -0.53444505  0.1340185   0.09672749
  0.283304    0.05108751  0.28775     0.4858775   0.08126575 -0.71036756
  0.45991623  0.10206999  0.1679675  -0.29477     0.12867844 -0.18006504
 -0.0933525   0.6126384   0.38157248  0.05401331  0.16863249  0.41911247
  0.21287753  0.00348002  0.454685   -0.30342752  0.09995125 -0.40987748
 -0.24999    -0.43205756 -0.41257    -0.24316     0.120205   -0.08957925
  0.0348675  -0.37846246 -0.05186025 -0.05745149  0.11428624  0.942305
 -0.3135165  -1.7338326  -0.24006374  0.3406375   1.036619    0.40320998
 -0.32527575  0.6613248  -0.39751     0.0085      0.5498525   0.22374502
  0.67358476  0.0548435  -0.22044998  0.1238575  -0.0399155  -0.24131751
 -0.15342276 -0.170451    0.28996     0.21019323  0.47228748  0.1851275
 -0.00778998  0.0514775  -0.04733825 -0.25255    -0.359295    0.3825925
 -1.099497   -0.3705985  -0.07117499  0.11792    -0.07672749 -0.12921749
  0.037079   -0.2767875   0.01311575 -0.12122101 -0.44727904 -0.20535676
 -0.2676525  -0.283075    0.3539525   0.43815178]",negative,Misclassified positive review: Model failed to detect positive sentiment.
three different occasions asked well done medium well three times got bloodiest piece meat plate,negative,"['three', 'different', 'occasions', 'asked', 'well', 'done', 'medium', 'well', 'three', 'times', 'got', 'bloodiest', 'piece', 'meat', 'plate']",three different occasion asked well done medium well three time got bloodiest piece meat plate,"[-0.33701262  0.410167   -0.0337938  -0.16462466 -0.02941367  0.1643019
  0.17612663  0.23765655 -0.2640467   0.0083256   0.249637   -0.18832485
  0.26999694  0.29229993  0.01798047 -0.06844679 -0.05522919  0.01493374
 -0.3272764   0.0721482   0.37983403  0.07439387  0.06202459 -0.18829332
  0.33111784 -0.04547133 -0.11191826 -0.24475831 -0.02579653  0.10976453
  0.02179633  0.3948913  -0.07572692 -0.04814466  0.22571714  0.25042668
 -0.24461402  0.09230493 -0.21501647 -0.15565054 -0.19722743 -0.28912443
  0.1359112  -0.18282405 -0.0635548   0.01252493  0.11294433 -0.50528485
 -0.08720593 -0.52387255 -0.04791553 -0.04613307  0.07766961  0.97257465
 -0.23151407 -1.875516   -0.08854356  0.02445886  1.322964    0.7360222
 -0.22007398  0.99832004 -0.0965742   0.13243707  0.61916584 -0.237423
  0.29056114  0.18437031  0.1405368  -0.09663995 -0.15538573  0.03442653
  0.18988493 -0.0265584   0.23715124  0.23015122 -0.32659778 -0.17297012
 -0.42912114  0.0886292   0.53559387  0.04439659 -0.33995587  0.19978228
 -1.1771433  -0.15978774 -0.0428326  -0.14998747 -0.16244332 -0.16452986
 -0.1432788  -0.03467326 -0.24172203 -0.13835219 -0.6688028   0.08734613
 -0.33767316 -0.11047592  0.3641552   0.15418686]",positive,Misclassified negative review: Model failed to detect negative sentiment.
warm beer not help,negative,"['warm', 'beer', 'not', 'help']",warm beer not help,"[-3.83186013e-01  4.41645026e-01  1.25076249e-01 -2.39372492e-01
 -1.57620758e-01  2.14112505e-01  1.92192495e-01  3.09500024e-02
 -2.33074993e-01 -2.56933272e-01 -2.98194736e-01 -4.53564972e-01
  2.07944244e-01  2.30084181e-01 -4.28274274e-03 -3.13662499e-01
  3.14747512e-01 -1.95275009e-01 -4.84357506e-01  1.00460000e-01
  3.78699973e-02  2.56757498e-01  6.41233027e-02 -4.90087532e-02
 -8.95285010e-02  3.33651215e-01 -4.46714997e-01 -4.82142985e-01
  1.84842750e-01 -1.48923248e-01 -4.24057543e-02  4.91697520e-01
  4.88575101e-02  8.65742564e-04  1.83362022e-01  6.34449959e-01
  2.38007501e-01  1.57370746e-01 -1.14082508e-01 -3.11738491e-01
 -8.45737457e-02 -4.88695025e-01 -4.83549982e-02 -8.13835025e-01
  1.46487519e-01 -1.83449686e-03 -1.61822498e-01 -3.65029991e-01
  1.94122493e-01 -1.21782494e+00 -3.44299972e-02 -1.13115750e-01
  7.01849982e-02  8.25704992e-01 -1.26923248e-01 -2.10347509e+00
 -7.78524280e-02 -2.73549855e-02  1.42572999e+00  1.20739996e-01
  3.77922580e-02  6.23560011e-01 -2.97106504e-01  6.91987574e-02
  5.37175000e-01  2.07771048e-01  4.89651740e-01  5.50001860e-05
  2.79310048e-02 -8.70947480e-01  2.54079998e-01 -5.07344246e-01
  2.68856287e-01 -3.31730515e-01  1.02795005e-01  5.27040005e-01
 -7.73364976e-02 -4.06679273e-01 -5.51200032e-01  3.33011985e-01
  4.70506012e-01 -1.06852502e-01 -5.86867452e-01  2.99327493e-01
 -1.05256772e+00 -2.71357566e-01 -5.03400043e-02  2.56743878e-01
 -1.59495011e-01 -2.42884994e-01  1.30406246e-01 -1.21406250e-01
 -8.96772519e-02 -4.87990022e-01 -4.04992491e-01 -5.93504980e-02
 -3.82912487e-01 -4.88025025e-02  2.77330726e-01  3.91895473e-01]",positive,Misclassified negative review: Model failed to detect negative sentiment.
not know place managed served blandest food ever eaten preparing indian cuisine,negative,"['not', 'know', 'place', 'managed', 'served', 'blandest', 'food', 'ever', 'eaten', 'preparing', 'indian', 'cuisine']",not know place managed served blandest food ever eaten preparing indian cuisine,"[-0.29539502  0.2568024   0.25319833  0.05487321 -0.07537335  0.12583785
  0.06406534  0.07465341 -0.05586782  0.0461995  -0.05449326 -0.04973416
  0.42642474  0.2854869  -0.1434115  -0.17856991  0.19296874  0.06442665
 -0.6042909   0.19355242  0.19704892  0.0926075   0.22750008 -0.3509165
 -0.23126149  0.0799555  -0.17764802 -0.36273375 -0.05320609 -0.17006917
 -0.264596    0.36887822 -0.00172034 -0.14656578  0.20569433  0.31749302
 -0.21648751  0.15718783 -0.06966624 -0.32819584 -0.30041564 -0.13465251
  0.07946916 -0.36735404  0.40736702  0.15453857  0.06390458 -0.19028924
  0.04402783 -0.6068363  -0.03862834 -0.06463834  0.15132482  0.65563416
 -0.29875892 -1.5071343  -0.250875    0.01884733  1.2257332   0.35127807
 -0.13262     0.644232    0.00846901 -0.12359542  0.74629164 -0.09540424
  0.15184022  0.05359489  0.18224575 -0.13224134 -0.10327091 -0.22815953
  0.04236367  0.12978834 -0.03186983  0.23875384 -0.4344375  -0.1293438
 -0.4066439   0.20075518  0.25437918 -0.11946783 -0.4828793   0.25729915
 -0.9496667  -0.29099223 -0.01893041  0.0039528  -0.19504608 -0.28377497
  0.06737213 -0.17052425  0.06909049 -0.20357919 -0.6180542  -0.07399134
 -0.11990583 -0.08743384  0.39439794  0.39575836]",positive,Misclassified negative review: Model failed to detect negative sentiment.
cannot go wrong food,positive,"['can', 'not', 'go', 'wrong', 'food']",can not go wrong food,"[-1.70538813e-01  4.92610782e-01  4.56580013e-01 -5.08611977e-01
 -3.53709638e-01  1.09963991e-01 -1.62643805e-01  2.86908001e-01
  3.24119180e-01 -1.50006011e-01  5.26387990e-02  1.95700020e-01
  3.61623585e-01  2.57761925e-01 -3.63614038e-02 -1.80584013e-01
  1.09981999e-01  3.72914016e-01 -7.47559965e-01  3.27552587e-01
  3.19628805e-01  1.27094001e-01  2.82756627e-01 -2.54726201e-01
 -1.15143798e-01  3.52385819e-01 -2.72245586e-01 -6.44226015e-01
  5.37600033e-02 -2.16554403e-01 -1.42066032e-02  5.59755802e-01
 -5.54787926e-02  2.16995999e-02  1.54159397e-01  6.09039962e-01
 -1.31235197e-01  3.05070579e-01 -7.14266002e-02 -4.28083986e-01
 -3.88158023e-01 -2.35452019e-02 -3.27734411e-01 -7.34662056e-01
 -1.70262009e-01 -3.08199935e-02 -1.86412409e-01 -2.34772012e-01
 -3.26147974e-01 -1.03373206e+00  4.60405409e-01 -9.77718085e-02
  2.29378045e-02  9.45234001e-01 -1.19039796e-01 -2.12855983e+00
 -6.45749420e-02  1.09610997e-01  1.87845993e+00  2.65803993e-01
 -1.26204208e-01  6.44338787e-01 -3.02728385e-01 -7.75022879e-02
  1.01114202e+00  1.32129371e-01  4.22707975e-01  1.78657994e-01
 -1.41883999e-01 -5.16982675e-01 -2.88022608e-01 -4.90191847e-01
  5.25328033e-02 -3.17891985e-01  2.89714426e-01  1.96339842e-02
 -2.83963978e-01  6.13395125e-04 -6.72407985e-01  1.00234605e-01
  4.44451988e-01 -9.13652107e-02 -8.71112049e-01 -6.65560141e-02
 -1.67358017e+00 -3.07031393e-01  2.93614209e-01 -1.93756968e-02
 -4.19800818e-01 -4.69981998e-01 -2.54599988e-01 -2.86516007e-02
  1.34136602e-01 -2.85498381e-01 -5.05730450e-01 -1.19351603e-01
  4.82599996e-02 -3.10374826e-01  5.70052624e-01  3.17133993e-01]",negative,Misclassified positive review: Model failed to detect positive sentiment.
salad bland vinegrette baby greens hearts palm,negative,"['salad', 'bland', 'vinegrette', 'baby', 'greens', 'hearts', 'palm']",salad bland vinegrette baby green heart palm,"[-0.701875    0.6190892   0.315518   -0.39461502 -0.018385    0.34282663
  0.29866663  0.04729499 -0.27776334 -0.17131001 -0.063274    0.15493833
  0.1143725   0.41013786  0.2551067   0.12660165 -0.07840666 -0.10447884
  0.05355834  0.44671297 -0.19966334  0.10850034  0.46493617 -0.33387336
  0.00427034  0.86566335 -0.25313333 -0.5901399  -0.16750665  0.05305884
  0.34241498  0.39348018  0.32210755 -0.45602503  0.08448233  0.27787337
 -0.168491    0.53739214  0.18727095 -0.52457815  0.14010166 -0.65087533
  0.02102117 -0.49174765 -0.095608   -0.14723502 -0.267082    0.13760667
 -0.06536    -0.2856435  -0.33639416 -0.35761166  0.11078483  0.44086817
 -0.32600698 -1.0374067  -0.09167501  0.5888671   0.35361782  0.05203101
  0.14691299  0.7129933  -0.15545084  0.11590598  0.32336834 -0.26864484
  0.02443551 -0.10377833 -0.26531833 -0.530695   -0.3076885   0.4997108
 -0.03203333 -0.39712563 -0.00678883  0.46558666 -0.33512667  0.12496249
  0.150845    0.09446499  0.33495167 -0.23555832 -0.14813018  0.38254383
 -0.5174     -0.4716988   0.07486666 -0.03233    -0.11398945  0.06358116
  0.21748449  0.00800167 -0.08792168  0.08334666 -0.76089334 -0.03429434
 -0.045706   -0.171201    0.44019     0.24521665]",positive,Misclassified negative review: Model failed to detect negative sentiment.
descriptions said yum yum sauce another said eel sauce yet another said spicy mayowell none rolls sauces,negative,"['descriptions', 'said', 'yum', 'yum', 'sauce', 'another', 'said', 'eel', 'sauce', 'yet', 'another', 'said', 'spicy', 'mayowell', 'none', 'rolls', 'sauces']",description said yum yum sauce another said eel sauce yet another said spicy mayowell none roll sauce,"[-3.59973758e-01  1.13528699e-01  1.94608882e-01 -4.42271173e-01
 -4.51687872e-02 -2.72258976e-03  4.13906217e-01 -4.73926924e-02
  1.50000736e-01  8.07243735e-02  2.06253696e-02  1.32836744e-01
  1.98936000e-01  1.99052513e-01  1.58030197e-01 -7.50627518e-02
 -1.04007304e-01 -2.33234629e-01 -2.42363259e-01  2.02887565e-01
  2.17573240e-01  2.87909299e-01 -9.48996767e-02  8.17124452e-03
 -9.75693613e-02  5.88762045e-01 -7.16113746e-02 -3.27118695e-01
 -3.67172420e-01 -3.08873355e-01 -1.01019017e-01  3.73226166e-01
 -7.56443664e-02 -1.13629743e-01  1.08104996e-01  6.50487065e-01
  2.46013701e-01  2.24443123e-01  1.99228138e-01 -3.51971924e-01
 -1.05439574e-01 -2.96098828e-01 -1.47771269e-01 -3.58025134e-01
  2.06906378e-01  2.31469989e-01 -5.29559478e-02 -2.88540602e-01
 -3.30565758e-02 -6.65902674e-01 -2.61653773e-02 -1.73330665e-01
 -3.85140628e-02  4.99745101e-01 -5.12191832e-01 -1.12098706e+00
 -1.40759423e-02  1.55125067e-01  6.43887520e-01  5.37116766e-01
  9.82243568e-04  4.84986067e-01  2.96096653e-01  1.35321856e-01
  3.02974015e-01 -4.03571755e-01  2.47823820e-01  3.13863158e-01
 -1.94866844e-02 -8.58541727e-02 -9.59606320e-02 -5.16366959e-02
  3.42475064e-03 -2.24429280e-01  3.38818729e-01  3.94308448e-01
 -2.38809392e-01 -3.93768251e-01 -4.52671885e-01  1.82511374e-01
  5.55297613e-01 -3.76448035e-01 -3.99224937e-01  2.23593771e-01
 -6.50955737e-01 -3.50799501e-01  3.17718089e-03 -4.10284922e-02
  3.34874392e-02 -1.18473135e-01  2.47654140e-01  1.69268064e-02
 -2.10674554e-01 -1.48745865e-01 -4.21316206e-01 -1.49354979e-01
 -2.59440392e-01 -5.75284958e-01  3.07417095e-01  3.13866884e-01]",positive,Misclassified negative review: Model failed to detect negative sentiment.
seated immediately,positive,"['seated', 'immediately']",seated immediately,"[ 0.0080995   0.087515   -0.01355501  0.33125    -0.0350036   0.746315
 -0.184815    0.34881502  0.16417    -0.37430602  0.05038501  0.53168
  0.77967    -0.11317515  0.174475   -0.65568495 -0.20280999  0.359585
 -0.68573    -0.877435    0.045796   -0.1353945   0.0634755  -0.389405
  0.04233    -0.399705   -0.196661   -0.0278241   0.605685    0.0075149
  0.30742002  0.233605   -0.059485    0.410115    0.198526    0.41153848
  0.008736   -0.11529     0.18046     0.01631501 -0.553505   -0.305875
  0.49789    -0.35156     0.1893735   0.06505501 -0.30437     0.2127015
 -0.03691    -0.464513    0.39421502 -0.600115    0.33271     0.956685
 -0.148114   -1.5176     -0.26369    -0.27355     0.93557996  0.308695
  0.08114     0.63146996  0.0221865   0.054453    0.28372502 -0.182574
  0.25938     0.09586999 -0.434075    0.28713    -0.03326    -0.1943255
  0.0352815  -0.38550752  0.3559935   0.43080002 -0.155264   -0.15494901
 -0.07027999 -0.1459465  -0.05185001 -0.24961     0.05078    -0.0017
 -0.5405575  -0.747005   -0.02278501  0.208195   -0.05864    -0.1929965
 -0.19597    -0.235515   -0.243795    0.10024949 -0.05887501  0.181158
  0.023305   -0.15831     0.669345   -0.2885305 ]",negative,Misclassified positive review: Model failed to detect positive sentiment.
must night place,negative,"['must', 'night', 'place']",must night place,"[-0.17632668  0.03881333  0.39351335 -0.17931247 -0.22542334  0.384154
  0.03364766  0.7563967  -0.22399665 -0.14297934  0.0283319   0.02195
  0.26036334 -0.00654534 -0.11572433 -0.40127     0.304613    0.33697298
 -0.85946673 -0.0085776   0.29594    -0.31972     0.10539267 -0.15951073
  0.24612999 -0.19579001 -0.012391   -0.16357     0.11679999 -0.35243532
 -0.25378     0.18959604  0.0352      0.28230467  0.20875932  0.330318
 -0.23332     0.170946    0.03547867 -0.28262976 -0.18480165 -0.34607336
  0.18621333 -0.32010332 -0.07422166 -0.24773331 -0.16906197 -0.14231233
  0.07865668 -0.77074337  0.01826334 -0.22804666 -0.04029667  1.3079666
 -0.08177999 -2.6091     -0.04682567  0.02929167  1.4775      0.65227336
 -0.56813836  0.8057     -0.37508    -0.259257    0.84499764  0.10776701
  0.15828     0.24801733 -0.32095    -0.48814133 -0.15169999 -0.8011033
  0.03110233 -0.20756333  0.15059333  0.13509299 -0.31112698 -0.31963325
 -0.60084003  0.01977467  0.44955334 -0.10187034 -0.6021633   0.07670667
 -1.19324    -0.18247366  0.050057    0.22169733  0.077607   -0.054392
 -0.27374664 -0.21552669  0.16652     0.34260333 -0.8021233   0.17680933
  0.07340834 -0.03892666  0.51296     0.308     ]",positive,Misclassified negative review: Model failed to detect negative sentiment.
like steiners dark feels like bar,positive,"['like', 'steiners', 'dark', 'feels', 'like', 'bar']",like steiner dark feel like bar,"[-0.097202    0.3269785   0.3114667  -0.37552163 -0.03129467  0.31312883
 -0.40592834  0.152286   -0.07489166 -0.2549679  -0.07887144 -0.23993884
  0.24066551  0.18870999 -0.00309717 -0.0248985  -0.01720499  0.12242333
 -0.10035483  0.17624332  0.20718549  0.27334833 -0.01574851 -0.50878835
  0.3715953   0.384455   -0.13944668 -0.62232167 -0.07459233 -0.27763548
  0.20949334  0.27926663 -0.016715   -0.18322499  0.220492    0.30239832
  0.00857295  0.18999833  0.27222964 -0.28813967  0.06895667 -0.29793432
 -0.07172333 -0.3113517  -0.25968468  0.003602    0.03001166  0.33220634
  0.20360668 -0.4914992   0.08107749 -0.01107333  0.00336966  0.74501497
 -0.29079467 -1.7888516   0.07818834  0.31036326  0.821165    0.36505166
 -0.07477468  0.92677265 -0.12286835  0.06321151  0.51247483 -0.03979383
  0.68080163  0.07515284 -0.27566    -0.12851016  0.08841434 -0.20113333
  0.03569832 -0.03758033 -0.16548984  0.10220201  0.03678918 -0.29426035
 -0.07289234 -0.09097499  0.19032967 -0.13895833 -0.41961768  0.15752333
 -0.8535233  -0.21787949 -0.28533667 -0.11499146 -0.22929831 -0.23381667
  0.01899933 -0.15877731 -0.07727566  0.06842867 -0.17354266 -0.11987001
 -0.46184754 -0.07259666  0.23720999  0.0955283 ]",negative,Misclassified positive review: Model failed to detect positive sentiment.
servers not pleasant deal not always honor pizza hut coupons,negative,"['servers', 'not', 'pleasant', 'deal', 'not', 'always', 'honor', 'pizza', 'hut', 'coupons']",server not pleasant deal not always honor pizza hut coupon,"[-0.03637619  0.1638709  -0.026163   -0.16693266 -0.06036651  0.1666037
  0.054092    0.0282505  -0.0177832  -0.0027115   0.10502911  0.0629129
  0.5428722  -0.00938555  0.00528719 -0.28351468  0.36905843  0.15555587
 -0.489427    0.30825827  0.0179064   0.21007499 -0.059122   -0.16482772
  0.1014931   0.1294187  -0.2311248  -0.21110949 -0.12685399 -0.29715118
  0.24102399  0.5435867   0.1621988   0.0172857   0.4251558   0.5549197
 -0.0175966   0.01296519  0.065381   -0.62595904  0.170451    0.0322265
  0.09684891 -0.4025486  -0.08442462 -0.0475462   0.09767248 -0.30135378
  0.18610871 -0.43170443  0.024793   -0.1537178   0.10710929  0.66103
 -0.17411777 -1.4953802   0.06958777 -0.0561947   1.154874    0.23639409
 -0.21528642  0.351888   -0.18324079 -0.057675    0.38179463 -0.19750315
  0.426972    0.21959083  0.0938444  -0.44318143 -0.1294761  -0.3667793
  0.1290298  -0.31262523  0.11740106  0.29215297  0.0645614  -0.1341714
 -0.5119007   0.1977456   0.16970569 -0.2759787  -0.507541    0.08775701
 -1.0354081  -0.20863697  0.09851298 -0.16161166 -0.0492409  -0.245403
 -0.10397099  0.0950589  -0.017584   -0.106215   -0.47598034 -0.1817142
 -0.03405482 -0.12081937  0.41081294  0.42219144]",positive,Misclassified negative review: Model failed to detect negative sentiment.
super pissd,negative,"['super', 'pissd']",super pissd,"[-0.44533  -0.44969   1.2393   -1.0486   -0.36844  -0.1852    0.35571
  0.14081  -1.3656   -0.16783   0.58801  -0.95256  -0.49226  -0.39318
 -0.26359  -0.01618   0.021069  0.31416   0.2168    0.22299   0.33585
 -0.3546   -0.47979  -0.017641  0.22075   0.20135  -0.019484 -0.087378
 -0.052559  0.70496  -0.24879   0.12083  -0.40985  -0.16628   1.0288
  0.082121 -0.74541   1.2733   -0.63724   0.096175  0.74285  -0.53568
  0.23198  -1.1901    0.19239   0.38015   0.2989    0.20202   0.24005
 -0.59483  -1.0667    0.4612    0.50776   0.48553   0.46278  -2.1189
 -0.16138   1.0984    0.87567   0.080837 -0.4985    0.30497  -0.15166
 -0.18904   0.94573   0.38747  -0.49592   0.31328  -0.68862   0.43154
  0.1418   -0.7425   -0.054038  1.1463   -0.47824   0.20536  -0.42666
  0.097123 -0.49852  -0.098802  0.55622  -0.60768  -0.15279   0.46878
 -0.66378  -0.30409  -0.18661  -0.73092   0.22037   0.1049    0.23679
  0.82143   0.024779 -0.0415   -0.38468  -0.68156  -0.52885   0.65856
  0.79881  -0.16019 ]",positive,Misclassified negative review: Model failed to detect negative sentiment.
ambiance not feel like buffet setting douchey indoor garden tea biscuits,negative,"['ambiance', 'not', 'feel', 'like', 'buffet', 'setting', 'douchey', 'indoor', 'garden', 'tea', 'biscuits']",ambiance not feel like buffet setting douchey indoor garden tea biscuit,"[-1.99709490e-01  4.10006911e-01  2.92487979e-01 -4.43593971e-02
 -1.50404394e-01  3.78757894e-01  8.43833908e-02  2.81008154e-01
 -2.87459999e-01 -2.46989988e-02 -7.65124112e-02 -2.42345408e-01
  7.19802007e-02  1.17160678e-01 -3.58413011e-02  3.13122347e-02
  7.13853985e-02  1.56323999e-01 -3.22742641e-01 -1.12898126e-02
  4.53618020e-02  2.33187407e-01  2.78871596e-01 -4.47503030e-01
  7.16793984e-02  2.13952988e-01 -1.32831797e-01 -3.04731578e-01
 -2.68792927e-01 -2.02312395e-01 -2.29709983e-01  1.94004983e-01
  2.22926378e-01 -4.41697948e-02  3.15100163e-01  4.69236910e-01
 -1.36200187e-03  2.97448605e-01 -1.57350510e-01 -5.06358981e-01
  1.02274500e-01 -3.10223997e-01  6.31719828e-03 -4.39622492e-01
  2.92797506e-01  6.69539645e-02 -1.84399724e-01 -1.80720180e-01
  2.72409976e-01 -7.29211986e-01 -8.16920996e-02 -1.67992800e-01
  1.34583935e-01  4.84247029e-01 -1.80596396e-01 -1.55129933e+00
  8.06953758e-02  3.27254117e-01  8.06620777e-01  2.47297123e-01
 -6.17287941e-02  5.07864594e-01 -9.26880017e-02  8.17933977e-02
  3.42259824e-01 -9.91216078e-02  5.01861691e-01 -7.25496784e-02
  1.61295697e-01 -6.87204003e-01 -1.62579805e-01 -3.86684030e-01
  1.68498486e-01 -1.94489986e-01 -1.77149996e-01  2.34295294e-01
  1.36602998e-01 -9.59278941e-02 -2.21717998e-01  1.66203812e-01
  2.30944991e-01 -1.14023112e-01 -3.14816892e-01  3.71367097e-01
 -5.69753349e-01 -4.72727008e-02 -4.85751517e-02 -6.66423514e-02
 -1.31070301e-01 -9.25845951e-02  3.06035489e-01 -2.81220496e-01
  1.41984791e-01 -1.14891924e-01 -4.22084987e-01 -2.34547809e-01
 -1.57322794e-01 -3.15393776e-01  6.71067178e-01  4.49090332e-01]",positive,Misclassified negative review: Model failed to detect negative sentiment.
lobster bisque bussell sprouts risotto filet needed salt pepperand course none tables,negative,"['lobster', 'bisque', 'bussell', 'sprouts', 'risotto', 'filet', 'needed', 'salt', 'pepperand', 'course', 'none', 'tables']",lobster bisque bussell sprout risotto filet needed salt pepperand course none table,"[-0.35327947  0.5744477   0.25373062 -0.09306609 -0.098246    0.03836241
  0.35654622  0.35719442 -0.12123644 -0.11309523  0.01885101  0.37674806
  0.09395773  0.38150102 -0.17761283 -0.00554444 -0.1587099  -0.09824573
 -0.19804908  0.09345517 -0.38292712  0.083343    0.12922402 -0.33360353
  0.111509    0.3044988  -0.26259953 -0.2688155  -0.3080629  -0.44831362
 -0.1868028   0.11970761 -0.08466573 -0.30825716  0.08512555  0.54021084
 -0.07993763  0.09988444  0.1884041  -0.3187391   0.08276474 -0.6045983
 -0.20270973 -0.4190891  -0.05812763 -0.03984718 -0.12255865 -0.2275622
 -0.03679323 -0.19457887 -0.28662685 -0.04653472 -0.143318    0.4589651
 -0.6511045  -0.6533609   0.1021311   0.02788363  0.361754    0.24329247
 -0.24801365  0.4304245   0.21347737  0.23125939  0.21354929 -0.27187172
  0.0055301  -0.14372855 -0.03456582 -0.27114382 -0.15577455 -0.01604738
  0.22088428  0.27372435 -0.07741182  0.19975251 -0.4929179  -0.069027
  0.13079117  0.24707554  0.20125909 -0.16050027 -0.22994877  0.12124363
 -0.2525382  -0.14324789  0.17582507  0.04907564 -0.19857016 -0.08478063
 -0.05465427 -0.15377627 -0.13648282 -0.23345    -0.15427881 -0.32513452
 -0.16576582 -0.16046403  0.31835172  0.29275408]",positive,Misclassified negative review: Model failed to detect negative sentiment.
cannot wait go back,positive,"['can', 'not', 'wait', 'go', 'back']",can not wait go back,"[-0.21119562  0.375342    0.42803    -0.58948    -0.38336918  0.250798
 -0.270014    0.45515805  0.093811   -0.348454    0.1639168   0.40703997
  0.385777    0.17204535  0.0936388  -0.37250602  0.113856    0.56234205
 -0.59573597  0.197972    0.32341918  0.162092    0.0826048   0.0192298
  0.0679682   0.080926   -0.3329516  -0.815894    0.523352   -0.355928
 -0.28197262  0.524874   -0.1390564   0.1233268   0.2390678   0.60615
 -0.17661719  0.0632572   0.1152674  -0.307372   -0.40117803 -0.21000719
 -0.14527158 -0.654374   -0.2695184  -0.04002     0.03151339 -0.3609336
  0.084788   -1.0424101   0.2556928  -0.15713802  0.04872999  1.104458
  0.0691066  -2.3764799  -0.17670093 -0.0750384   1.76216     0.49007797
 -0.15482202  0.86128795 -0.46003398 -0.01713499  0.907534    0.33144802
  0.40967998  0.40946603 -0.427914   -0.43273002 -0.0261104  -0.4715802
 -0.0384642  -0.718524    0.10960388 -0.10562201 -0.38716    -0.08124541
 -0.47337762 -0.17874579  0.610054   -0.1288018  -0.67206603 -0.08347081
 -1.500454   -0.18528941  0.3096654  -0.0176021  -0.2976648  -0.2928634
 -0.30749398  0.0335392  -0.0537854  -0.21831398 -0.51135796 -0.06937899
  0.2657834  -0.04061003  0.391644    0.21696182]",negative,Misclassified positive review: Model failed to detect positive sentiment.
lady table next us found live green caterpillar salad,negative,"['lady', 'table', 'next', 'us', 'found', 'live', 'green', 'caterpillar', 'salad']",lady table next u found live green caterpillar salad,"[-3.13756794e-01  5.23526728e-01  4.29198921e-01 -1.89511061e-01
  4.47755866e-03  9.91878733e-02  2.96265244e-01  2.41395205e-01
 -1.72894895e-01 -2.36652210e-01  9.58236754e-02  1.52060890e-03
  3.32728118e-01  3.37852955e-01  2.91363373e-02  8.36400092e-02
  2.00211108e-01 -8.92337784e-02 -2.34563351e-01  1.79386616e-01
  1.22408897e-01 -5.50850108e-02  2.36229315e-01  9.21608955e-02
  1.80944651e-01  2.75923342e-01 -1.33669004e-01 -3.62180054e-01
 -5.48099950e-02 -4.54680175e-02  2.87152193e-02  3.19102913e-01
  2.36728698e-01 -2.18541231e-02  2.36338586e-01  6.35969996e-01
 -2.30273217e-01  1.93833113e-01  2.57732004e-01 -2.15201885e-01
 -2.35346526e-01 -4.45665002e-01  1.46727599e-02 -2.59937763e-01
  8.40066820e-02 -1.47735579e-02 -4.51784611e-01 -1.83523372e-02
 -1.02036782e-01 -6.69537842e-01 -1.00073010e-01 -1.72972649e-01
  2.38366231e-01  8.58547747e-01 -4.28984642e-01 -1.92543244e+00
 -2.08469823e-01  1.81344356e-02  8.86663318e-01  1.91430673e-01
 -1.80258885e-01  6.50684416e-01 -1.37895554e-01  4.61795069e-02
  4.01117444e-01 -6.81645572e-02  1.24259144e-01  2.02350661e-01
  3.48658971e-02 -7.48349950e-02 -3.24666686e-02 -8.29604492e-02
 -1.64314449e-01 -3.15059453e-01  7.18941092e-02  3.87688339e-01
 -4.26222198e-03 -3.61688882e-02 -3.03801656e-01  3.82171124e-02
  4.73478794e-01  7.54548907e-02 -3.51822674e-01  2.45269671e-01
 -7.42264390e-01 -3.46003324e-01  1.41000003e-01 -2.51454979e-01
  2.40370452e-01 -3.21301669e-02  2.18928203e-01 -2.40665540e-01
  1.05631156e-02  5.51156588e-02 -5.99508941e-01 -1.85791448e-01
 -2.62155563e-01 -1.07075661e-01  7.01046646e-01  1.44801214e-01]",positive,Misclassified negative review: Model failed to detect negative sentiment.
better atmosphere,negative,"['better', 'atmosphere']",better atmosphere,"[-0.2243615   0.18389     0.626565    0.12154999 -0.50645     0.08157
  0.127915   -0.2963365  -0.301575    0.205329   -0.440714   -0.41757
  0.22898501 -0.56721     0.27703    -0.375835   -0.2661415   0.102644
 -0.08472499  0.20776     0.175755   -0.082305   -0.05022895 -0.459255
 -0.174805   -0.181411   -0.2374405  -0.2521      0.024622   -0.168412
 -0.33914     0.384762   -0.305562   -0.0590435   0.58424     0.2362075
  0.10820499  0.322875   -0.3035245  -0.375355   -0.395235   -0.73414505
 -0.2345545  -0.045875   -0.2900275  -0.0886705   0.042621    0.02495
  0.2123935  -1.22194     0.031905   -0.50282    -0.223665    1.131655
  0.1216755  -2.4426      0.504485    0.16325     1.21376     0.152645
 -0.43533     0.80483496 -0.768765   -0.0779635   0.55232     0.24024001
  0.653085   -0.154075    0.306295   -0.70067     0.546955   -0.5494
  0.36816502 -0.26918     0.23909001  0.09506001  0.32766002 -0.6745
 -0.1411815   0.219295    0.402255    0.48143998 -0.645425    0.31808
 -0.99636     0.583745    0.187195   -0.117219   -0.423071   -0.268965
  0.396165   -0.21017    -0.06497    -0.10017001  0.11096001  0.1846635
 -0.26685    -0.23858     0.11193     0.53659   ]",positive,Misclassified negative review: Model failed to detect negative sentiment.
bacon hella salty,positive,"['bacon', 'hella', 'salty']",bacon hella salty,"[-0.56568     0.18880667  0.02564999 -0.05075167 -0.46854666 -0.34069303
  0.10073    -0.37909332 -0.05667999  0.10003043  0.07728533 -0.10238934
 -0.02475433  0.3089433   0.37382933 -0.15300666  0.111595   -0.5015687
 -0.10072333  0.432537   -0.011679    0.30439332 -0.026164   -0.36069334
 -0.28278336  0.8398034  -0.35275665 -0.030569   -0.25985268  0.07705966
 -0.12878567  0.24845278 -0.26019034 -0.2666743   0.019809    0.47022668
  0.30287334  0.35154334  0.24427068 -0.16032667  0.53405    -0.27916002
 -0.49271667 -0.13509934  0.17005666 -0.00395934 -0.21684332  0.0576
  0.21015666 -0.20556366  0.07240333 -0.37486663 -0.03122667  0.17737667
 -0.60186166 -0.35249665  0.36948666  0.13486734 -0.383684   -0.28704667
  0.5589      0.60700995  0.06803334 -0.0111225   0.017784   -0.47169665
  0.585568    0.07673667 -0.14179434 -0.63434297 -0.00980667  0.00178
  0.51594335  0.33978     0.13032     0.44136333 -0.52299    -0.08121666
  0.34850335  0.43985668 -0.01738334 -0.37343898 -0.12530732  0.75033
 -0.11251    -0.34030667  0.22785334  0.02880668  0.12040333 -0.14408867
  0.39455333  0.08770001 -0.31478998  0.42473665 -0.4439043  -0.38178
  0.04178667 -0.27707002 -0.37595     0.13743134]",negative,Misclassified positive review: Model failed to detect positive sentiment.
real disappointment waiter,negative,"['real', 'disappointment', 'waiter']",real disappointment waiter,"[ 0.31055334  0.07010467  0.34402665 -0.25084665 -0.35482     0.18509899
 -0.44745335 -0.19728999  0.25900534 -0.00463333  0.02603166 -0.10743668
 -0.09195333 -0.06664433 -0.02058666  0.143522   -0.27908334  0.22738336
 -0.07303666  0.5428333  -0.06065534  0.3076     -0.6135333  -0.40975633
  0.15928333 -0.05779867 -0.15320002 -0.16043998 -0.04695666 -0.55911666
 -0.22034232  0.33355263 -0.03901     0.0251     -0.04992133  0.27323
 -0.05645601  0.3499231   0.48481932 -0.48106003  0.27330002 -0.30215332
  0.28899065 -0.25226334  0.363072    0.21160077  0.12062796  0.20236333
 -0.24632998 -0.57673    -0.02722666 -0.33302534  0.22694767  0.8364733
 -0.05951333 -1.4970913  -0.29442334  0.19337124  0.48588333  0.07988333
  0.04238667  0.29659    -0.49513665 -0.44968534  0.12472001 -0.15499
  0.32656002  0.021556   -0.143942   -0.04942733 -0.20969665  0.25482568
 -0.12039333 -0.50656337  0.16634934  0.4443033   0.078662   -0.32614362
 -0.4666933   0.16327333  0.37342396  0.0109     -0.09288033 -0.057775
 -0.79264665 -0.7102533  -0.48072     0.19527389 -0.46541223 -1.0359033
 -0.22546667  0.22946    -0.14146668  0.19050336 -0.183248    0.10324667
  0.004961    0.01345     0.07118335  0.16868667]",positive,Misclassified negative review: Model failed to detect negative sentiment.
cannot beat,positive,"['can', 'not', 'beat']",can not beat,"[-0.42415333  0.42388332  0.54344    -0.55808663 -0.23973532  0.39332667
  0.07931334  0.22035019 -0.16819668 -0.11169001  0.07849466  0.11376701
  0.15673001  0.2046289  -0.024657   -0.19354336  0.17910667  0.55458665
 -0.6931634   0.30837     0.42890933 -0.16358133  0.39114332  0.39692235
  0.22000332 -0.02373033  0.006824   -0.76633     0.49967337 -0.4047
 -0.17951101  0.82112664 -0.14986001  0.33198     0.39446267  0.05518665
 -0.27599865  0.25500333 -0.00317064 -0.35241333 -0.30282602 -0.48731998
 -0.29985    -0.7274733  -0.04603999 -0.14704     0.374926   -0.33600333
  0.08699534 -1.0905      0.03907001  0.01142332 -0.06268167  1.04818
  0.17360334 -2.3510668  -0.14521156  0.14798833  1.3396934   0.5506566
 -0.26975     0.40578333 -0.54986334  0.05896067  0.84087664  0.16578932
  0.53595334  0.87296003 -0.21671999 -0.5510967  -0.21255    -0.522801
  0.083855   -0.3681188   0.24440666 -0.230101   -0.24466999 -0.18309565
 -0.49816003  0.04468033  0.68952996 -0.12368002 -1.0416633  -0.07207268
 -1.6766666  -0.47137567  0.10886669  0.35703185 -0.126298   -0.20135331
 -0.31854734 -0.17379667 -0.12919901 -0.16832666 -0.6363067  -0.19090168
 -0.24787001 -0.48455003  0.33350536  0.04424332]",negative,Misclassified positive review: Model failed to detect positive sentiment.
burgers not good pizza used amazing doughy flavorless,negative,"['burgers', 'not', 'good', 'pizza', 'used', 'amazing', 'doughy', 'flavorless']",burger not good pizza used amazing doughy flavorless,"[-0.14923987  0.2647273   0.07448374 -0.23662621 -0.26064724  0.21355738
  0.28754064 -0.02916325 -0.12371124  0.04199251 -0.0276695  -0.11302346
  0.30082822  0.09509997  0.17379162  0.02143937  0.15287901  0.16199699
 -0.10113139  0.4248095   0.28936496  0.31060123 -0.00729875 -0.47154462
  0.32921422  0.38881952 -0.07748725 -0.13005374 -0.23902753 -0.11750713
 -0.01406925  0.396771   -0.13974574 -0.22546375  0.19292937  0.46827748
 -0.09049299  0.15671375  0.15364265 -0.43528375  0.29884312 -0.07223375
 -0.03372187 -0.28888434 -0.05794287  0.04794374  0.06638575 -0.31261376
 -0.01374862 -0.4869567  -0.10841499 -0.05136925  0.07097474  0.5990438
 -0.20377699 -1.0816932   0.21280254  0.35379875  0.61166215  0.03971376
 -0.21750626  0.4097525  -0.12254251  0.05027092  0.438321   -0.18110764
  0.3685975   0.0393675  -0.13827537 -0.39445573 -0.03606962 -0.24284664
  0.406853    0.10691825  0.08192472  0.16726401 -0.17016445 -0.0114765
 -0.01173002  0.29830676  0.32644737 -0.03675376 -0.450058    0.16678277
 -0.7417075  -0.27127627  0.16336663  0.02870056 -0.31841785 -0.28028837
  0.04662199  0.0826125   0.06207825 -0.14903425 -0.45636728 -0.5180503
 -0.10196225 -0.39592814  0.2626441   0.48133063]",positive,Misclassified negative review: Model failed to detect negative sentiment.
not fun experience,positive,"['not', 'fun', 'experience']",not fun experience,"[-0.21836834  0.26509765  0.3430933  -0.34586334 -0.40032998  0.14225
 -0.06054699  0.32722667 -0.01976667 -0.07611067  0.035078   -0.16075332
  0.20981    -0.29497442  0.20254298 -0.195       0.15095854  0.43840003
 -0.46960998  0.74723     0.23986334  0.14787899 -0.12171    -0.63553
 -0.11765333  0.24443865 -0.16795331 -0.38206863  0.115134   -0.31368998
 -0.44104335  0.6112666  -0.350383   -0.18205333  0.33075002  0.15542668
 -0.25810334  0.36185667 -0.14860733 -0.43392667 -0.31303668 -0.00832574
  0.05045    -0.42596665 -0.36385     0.03103068  0.4515473  -0.43790665
  0.25527    -1.04723     0.09207233 -0.41918668  0.16592133  0.82397336
  0.26353404 -2.2574332   0.2897401   0.11928668  1.31625     0.33076668
 -0.17698038  0.9170267  -0.4049827  -0.26694497  0.7217233   0.06175999
  0.84811    -0.09097334  0.03401334 -0.24108666  0.09666999 -0.46411002
  0.104536   -0.23007293 -0.10983633  0.36323333 -0.10036334 -0.18141234
 -0.55141264 -0.06998733 -0.03704867 -0.00993766 -0.18921566  0.09424666
 -1.6967667  -0.01420666 -0.19762333 -0.06518283 -0.3955833  -0.5392333
 -0.111576    0.01307333  0.33490333 -0.17648633 -0.08286501 -0.07024067
 -0.48405668 -0.53192997  0.37948433  0.61907005]",negative,Misclassified positive review: Model failed to detect positive sentiment.
better not dedicated boba tea spots even jenni pho,negative,"['better', 'not', 'dedicated', 'boba', 'tea', 'spots', 'even', 'jenni', 'pho']",better not dedicated boba tea spot even jenni pho,"[-2.81159222e-01  3.56344134e-01 -4.11722250e-02 -1.65355466e-02
 -8.76000151e-03  1.87910020e-01 -7.72999972e-02  3.70223279e-04
  3.63493301e-02 -2.33924657e-01 -1.14010215e-01 -1.56046450e-01
  1.90951899e-01  4.77558523e-02  8.47562253e-02 -1.27212226e-01
  3.61655205e-01  9.27988738e-02 -1.67356953e-01  1.97150007e-01
  1.78887665e-01  1.21180005e-01 -4.56184447e-02 -1.24693222e-01
  1.28446668e-01  1.91621438e-01 -1.79480225e-01 -3.34381998e-01
 -1.27462223e-01 -6.43026978e-02 -1.81091115e-01  2.27758884e-01
  3.34721774e-01 -7.57264420e-02  5.32902122e-01  2.57950008e-01
 -1.43626779e-01  2.90063113e-01 -1.43320322e-01 -2.09856570e-01
  2.66244411e-02 -9.62312222e-02  9.15594548e-02 -2.16044396e-01
  6.31740019e-02 -1.55570760e-01 -1.62748545e-01 -2.73029208e-01
 -9.98916198e-03 -6.05883181e-01  7.16833323e-02 -5.07655554e-02
 -1.68528885e-01  6.50718868e-01 -2.64270991e-01 -1.13062882e+00
  1.29881993e-01  4.85723354e-02  6.83853328e-01  1.54220223e-01
 -3.02268863e-01  2.54347742e-01 -1.04066662e-01  2.74009436e-01
  4.33939964e-01  2.03893986e-02  5.20713389e-01  7.56588802e-02
  3.18146676e-01 -2.97448903e-01 -1.05446547e-01 -1.56301677e-01
 -2.86423340e-02 -2.56576538e-01  6.88299984e-02  8.94100741e-02
 -1.23646654e-01 -8.20273235e-02 -2.58177817e-01  1.04837097e-01
  9.18718874e-02 -9.54720080e-02 -3.83880019e-01  1.10859543e-01
 -6.92232847e-01 -1.85492218e-01 -1.15657888e-01  1.92958377e-02
 -1.29411086e-01 -7.03294352e-02  1.31876215e-01 -8.15155655e-02
  5.06227762e-02 -9.65608954e-02 -3.33870858e-01 -1.22441664e-01
 -3.92900020e-01 -1.02556556e-01  2.57089227e-01  2.11470664e-01]",positive,Misclassified negative review: Model failed to detect negative sentiment.
staff super nice quick even crazy crowds downtown juries lawyers court staff,positive,"['staff', 'super', 'nice', 'quick', 'even', 'crazy', 'crowds', 'downtown', 'juries', 'lawyers', 'court', 'staff']",staff super nice quick even crazy crowd downtown jury lawyer court staff,"[ 0.01047225 -0.13865684  0.19853608 -0.2676392  -0.1698521   0.53230983
 -0.218929    0.3792381  -0.31186894 -0.12748249  0.03360518 -0.2635625
 -0.02714575 -0.09545533 -0.2780275  -0.1465059  -0.12412298  0.06454866
 -0.29306749  0.15625568  0.27265498 -0.053225    0.01262526 -0.46460533
  0.05622817 -0.14701276 -0.11747592 -0.340974    0.14945886 -0.17838083
  0.14571099  0.17326999 -0.02528751 -0.11874325  0.07317558  0.20371902
 -0.19475426  0.23437409  0.10091799 -0.06328466 -0.14631258 -0.37805423
  0.02926034 -0.5112179   0.11329775 -0.26152334  0.0089115  -0.26219085
  0.18981819 -0.48164335  0.14860858 -0.38162556  0.01517633  0.61787164
 -0.08389591 -1.5715958  -0.02875955  0.018782    1.2040433   0.29935977
 -0.39480233  0.5968592  -0.08405482 -0.0023675   0.5352672  -0.29883775
  0.22876756  0.3894039  -0.15619043  0.16129951  0.02583675 -0.24717414
 -0.20886166 -0.35823667  0.0853535   0.13805854  0.130435   -0.08054376
 -0.17669243 -0.10587824  0.6081298  -0.15332092 -0.2546751  -0.14335267
 -1.2398866  -0.33909926 -0.01965366 -0.05254821 -0.262641   -0.29665127
  0.35537001 -0.27118185 -0.04886925 -0.08236916 -0.31533498  0.04716458
 -0.0949949   0.15104587  0.44245008  0.3097509 ]",negative,Misclassified positive review: Model failed to detect positive sentiment.
seafood limited boiled shrimp crab legs crab legs definitely not taste fresh,negative,"['seafood', 'limited', 'boiled', 'shrimp', 'crab', 'legs', 'crab', 'legs', 'definitely', 'not', 'taste', 'fresh']",seafood limited boiled shrimp crab leg crab leg definitely not taste fresh,"[-0.49723494  0.41743335  0.23652141 -0.2963417  -0.23997374  0.02315417
  0.2139575   0.211788   -0.17498575 -0.32066235 -0.25308636  0.29654124
  0.7275286   0.37898955  0.03974808  0.08353833 -0.2441165  -0.25350267
  0.06550575  0.3504733   0.18149684  0.21794957  0.19883044 -0.28025618
  0.39314356  0.9844506  -0.32204497 -0.36458048 -0.08345884 -0.00282167
 -0.10143907  0.35533333 -0.06708767 -0.19951986  0.10671433  0.32332298
 -0.12401309  0.194737    0.12516885 -0.5162236   0.064975   -0.69437003
 -0.098635   -0.5557669   0.10974585 -0.12359785 -0.09270084 -0.092633
  0.10607667 -0.5570728  -0.16279286 -0.10582051  0.009672    0.76505923
 -0.47564664 -1.135293    0.05060861 -0.12044329  0.67918944  0.24732083
 -0.27479798  0.68841666 -0.01015668  0.36604455  0.6969308  -0.18302448
 -0.02057192 -0.3513422  -0.01946833 -0.42160586  0.0250637   0.1189848
  0.2850944   0.16865225 -0.02684559  0.25410375 -0.710133   -0.03311875
 -0.02610192  0.42042112  0.399233   -0.2619125  -0.41452834  0.4173875
 -0.5732716  -0.4921458   0.16992165  0.09089296 -0.18268192 -0.0813745
 -0.04119375 -0.11405917 -0.20902564 -0.40855837 -0.41219082 -0.11147133
 -0.3052481  -0.20803744  0.67908615  0.2502925 ]",positive,Misclassified negative review: Model failed to detect negative sentiment.
never dining place,negative,"['never', 'dining', 'place']",never dining place,"[ 0.00487834  0.30246666  0.29181698  0.05139087 -0.25376     0.36690998
  0.13061233  0.47425     0.2216367  -0.059128    0.3291267   0.04323333
  0.32644334  0.240788   -0.12750234 -0.14180933  0.20299332  0.24489999
 -0.7958134  -0.078828    0.16525     0.15328334  0.07748001 -0.65976745
  0.23863666 -0.4250473  -0.21053    -0.46453664 -0.30408666 -0.44689333
 -0.12341934  0.4128727   0.10493866  0.08962134  0.271893    0.6714933
 -0.30148333  0.32692567 -0.11053833 -0.43009135  0.04803168 -0.43036592
  0.29032335 -0.46034336  0.28957334  0.08922333 -0.10020667 -0.056947
  0.43177333 -0.66940004  0.03323666 -0.294842   -0.2172467   0.8937567
 -0.15324332 -2.3571332  -0.07033333  0.20113166  1.1061133   0.48466
 -0.33443666  0.7497067  -0.04087668 -0.17142366  0.67239666 -0.16801
  0.50445336 -0.10426164 -0.14587002 -0.25617233 -0.14830334 -0.31563535
  0.33140936 -0.19475101 -0.11386932  0.183273   -0.15179966 -0.40604338
 -0.21267335  0.09742134 -0.01894334 -0.06637367 -0.20130001  0.13399243
 -0.99437    -0.252157   -0.0573466  -0.24825001  0.06626666 -0.37198666
 -0.12168    -0.33799997  0.47608337  0.14115535 -0.61845     0.03238266
 -0.23597835 -0.048107    0.49871668  0.44859   ]",positive,Misclassified negative review: Model failed to detect negative sentiment.
